{
  "SwissSPAD2": {
    "depth": {
      "temporal_resolution_ps": 17.8,
      "n_bins": 2048,
      "max_depth_m": 5.4643770904575995,
      "depth_resolution_m": 0.0026681528761999997,
      "sufficient_for_2m": true
    },
    "fov": {
      "coverage_w_m": 0.2515968,
      "coverage_h_m": 0.2515968,
      "wall_size_m": 1.0,
      "covers_wall": false
    },
    "signal": {
      "baseline_photons": 3039189464899140.0,
      "baseline_snr": 55128844.21878479,
      "test_photons": 11871833847262.266,
      "test_snr": 3445552.763659594,
      "signal_ratio": 0.00390625,
      "snr_ratio": 0.06249999999973779
    },
    "integration_time_for_snr10": 8.423298480032473e-12,
    "feasible": false
  },
  "LinoSPAD2": {
    "depth": {
      "temporal_resolution_ps": 17.8,
      "n_bins": 2048,
      "max_depth_m": 5.4643770904575995,
      "depth_resolution_m": 0.0026681528761999997,
      "sufficient_for_2m": true
    },
    "fov": {
      "coverage_w_m": 0.40243199999999996,
      "coverage_h_m": 0.0007859999999999999,
      "wall_size_m": 1.0,
      "covers_wall": false
    },
    "signal": {
      "baseline_photons": 2605019541342120.0,
      "baseline_snr": 51039392.05497965,
      "test_photons": 10175857583367.656,
      "test_snr": 3189962.0034050024,
      "signal_ratio": 0.00390625,
      "snr_ratio": 0.0624999999993882
    },
    "integration_time_for_snr10": 9.827181560148257e-12,
    "feasible": false
  },
  "Hamamatsu_C5680": {
    "depth": {
      "temporal_resolution_ps": 2.0,
      "n_bins": 2048,
      "max_depth_m": 0.613974953984,
      "depth_resolution_m": 0.000299792458,
      "sufficient_for_2m": false
    },
    "fov": {
      "coverage_w_m": 0.4416,
      "coverage_h_m": 0.3312,
      "wall_size_m": 1.0,
      "covers_wall": false
    },
    "signal": {
      "baseline_photons": 1302509770671060.0,
      "baseline_snr": 36090300.22971629,
      "test_photons": 5087928791683.828,
      "test_snr": 2255643.7643572683,
      "signal_ratio": 0.00390625,
      "snr_ratio": 0.0625
    },
    "integration_time_for_snr10": 1.9654363119910224e-11,
    "feasible": false
  }
}